country,season,speciescode,speciesname,population_date,population_size_unit,population_trend_period,population_trend,population_trend_long_period,population_trend_long,sensitive_species,popsize_etc,spa_popsize_etc
FR,W,A003,Gavia immer,2013-2018,i,2007-2017,Unk,1980-2018,Unk,No,650.0,373.5
FR,B,A004,Tachybaptus ruficollis,2009-2012,p,2006-2018,D,1980-2018,Unk,No,15500.0,
FR,B,A005,Podiceps cristatus,2009-2012,p,2007-2018,Unk,1985-2012,I,No,17500.0,
FR,W,A005,Podiceps cristatus,2013-2018,i,2007-2017,S,1980-2017,I,No,37750.0,17800.0
FR,B,A008,Podiceps nigricollis,2009-2012,p,2007-2018,Unk,1985-2012,I,No,1600.0,1050.0
FR,W,A008,Podiceps nigricollis,2007-2018,i,2007-2017,D,1980-2018,S,No,8620.0,4930.0
FR,B,A009,Fulmarus glacialis,2009-2011,p,2009-2018,S,1978-2010,I,No,879.5,
FR,B,A026,Egretta garzetta,2014-2014,p,2007-2014,D,1981-2014,I,No,11190.0,9116.5
FR,W,A026,Egretta garzetta,2013-2017,i,2008-2017,F,1980-2017,I,No,9700.0,
FR,B,A031-A,Ciconia ciconia,2017-2018,p,2007-2018,I,1980-2018,I,No,3900.0,783.5
FR,B,A081,Circus aeruginosus,2000-2002,bfemales,2014-2017,S,1989-2018,Unk,No,1900.0,906.0
FR,B,A082,Circus cyaneus,2000-2002,bfemales,2005-2017,D,1979-2017,Unk,No,9300.0,601.0
FR,W,A132,Recurvirostra avosetta,2013-2018,i,2007-2017,S,1980-2018,I,No,23000.0,22700.0
FR,B,A132,Recurvirostra avosetta,2013-2018,p,2010-2018,S,1984-2018,I,No,3900.0,3349.5
FR,P,A132,Recurvirostra avosetta,2008-2018,,,,,,No,,
FR,W,A164,Tringa nebularia,2013-2018,i,2007-2017,I,1980-2017,I,No,519.0,371.0
FR,W,A180,Larus genei,2013-2018,i,2007-2018,I,1993-2018,I,No,156.0,156.0
FR,B,A180,Larus genei,2013-2018,p,2007-2018,I,1982-2018,I,No,1148.0,1148.0
FR,B,A260,Motacilla flava,2013-2018,p,2007-2018,D,2001-2018,D,No,135000.0,
FR,B,A267,Prunella collaris,2009-2018,p,2007-2017,Unk,1989-2018,Unk,No,17500.0,
FR,B,A282,Turdus torquatus,2013-2018,p,2007-2017,Unk,1989-2017,Unk,No,25000.0,
FR,B,A289,Cisticola juncidis,2013-2018,p,2007-2018,D,2001-2018,D,No,40000.0,
FR,B,A322,Ficedula hypoleuca,2009-2012,p,2007-2017,Unk,2001-2017,Unk,No,3000.0,
FR,B,A339,Lanius minor,2018-2018,p,2007-2018,D,1980-2018,D,No,4.0,4.0
FR,B,A352,Sturnus unicolor,2013-2018,p,2007-2017,Unk,1989-2017,I,No,10000.0,
FR,B,A358,Montifringilla nivalis,2013-2018,p,2007-2017,Unk,1989-2017,Unk,No,3000.0,
FR,B,A383,Emberiza calandra,2009-2012,p,2007-2018,D,1989-2017,D,No,300000.0,
FR,B,A391,Phalacrocorax carbo sinensis,2018-2018,p,2006-2018,I,1982-2018,I,No,7715.0,5600.0
FR,W,A391,Phalacrocorax carbo sinensis,2018-2018,i,2005-2018,I,1983-2018,I,No,98500.0,26812.5
FR,B,A400,Accipiter gentilis arrigonii,2010-2010,p,2001-2018,Unk,1980-2018,Unk,No,85.0,15.0
FR,B,A483,Cyanistes caeruleus s. str.,2013-2018,p,2007-2018,S,2001-2018,S,No,3250000.0,
FR,B,A684,Phalacrocorax aristotelis aristotelis,2016-2018,p,2006-2018,I,1978-2018,I,No,7415.0,6132.5
FR,P,A693,Puffinus mauretanicus,2013-2018,i,,,,,No,7000.0,5000.0
FR,B,A856,Spatula querquedula,2009-2012,p,2007-2018,Unk,1980-2012,D,No,450.0,
FR,P,A856,Spatula querquedula,2013-2018,,,,,,No,,4273.5
FR,B,A899,Accipiter gentilis all others,2014-2015,p,2000-2015,S,1980-2015,Unk,No,5500.0,
FR,W,A007,Podiceps auritus,2013-2018,i,2007-2017,S,1980-2017,S,No,313.0,229.0
FR,B,A096,Falco tinnunculus,2016-2017,p,2005-2017,D,2001-2018,D,No,93087.0,
FR,B,A115-X,Phasianus colchicus,2008-2017,p,2008-2017,I,2001-2018,I,No,374500.0,
FR,P,A149,Calidris alpina,2008-2018,,,,,,No,,
FR,W,A149,Calidris alpina,2013-2018,i,2007-2017,S,1980-2017,I,No,292100.0,262200.0
FR,B,A205,Pterocles alchata,2016-2016,p,2008-2018,S,1980-2016,D,No,154.0,154.0
FR,B,A206,Columba livia,2008-2012,p,2007-2017,Unk,1980-2017,Unk,No,900.0,
FR,B,A231,Coracias garrulus,2013-2018,p,2007-2017,Unk,1989-2018,Unk,No,950.0,370.5
FR,B,A233,Jynx torquilla,2013-2018,p,2007-2018,S,2001-2018,S,No,30000.0,
FR,B,A300,Hippolais polyglotta,2013-2018,p,2007-2018,D,2001-2018,I,No,400000.0,
FR,B,A373,Coccothraustes coccothraustes,2013-2018,p,2007-2018,I,1989-2017,I,No,80000.0,
FR,W,A663,Phoenicopterus roseus,2013-2018,i,2007-2017,I,1980-2018,I,No,39238.0,39238.0
FR,B,A663,Phoenicopterus roseus,2013-2018,p,2012-2018,F,1980-2018,F,No,7970.0,7970.0
FR,B,A907,Sylvia subalpina,2013-2018,p,2007-2017,Unk,1989-2017,Unk,No,1500.0,
FR,B,A204,Fratercula arctica,2017-2017,p,2005-2017,I,1978-2017,D,No,186.5,
FR,B,A211,Clamator glandarius,2013-2018,p,2007-2017,F,1989-2017,Unk,No,2000.0,
FR,B,A293,Acrocephalus melanopogon,2013-2018,p,2007-2018,I,1985-2018,D,No,2500.0,2250.0
FR,B,A316,Phylloscopus trochilus,2013-2018,p,2007-2018,D,2001-2018,D,No,150000.0,
FR,B,A323,Panurus biarmicus,2013-2018,p,2007-2017,Unk,1980-2017,Unk,No,6000.0,
FR,B,A014,Hydrobates pelagicus,2009-2017,p,2005-2017,I,1980-2017,Unk,No,1215.0,1210.0
FR,W,A061,Aythya fuligula,2013-2018,i,2007-2017,D,1980-2017,D,No,37100.0,33881.5
FR,B,A061,Aythya fuligula,2013-2018,p,2012-2018,I,1985-2018,I,No,2600.0,
FR,W,A062,Aythya marila,2013-2018,i,2007-2018,D,1980-2017,D,No,150.0,
FR,B,A228,Tachymarptis melba,2013-2018,p,2007-2017,S,1980-2017,S,No,6000.0,
FR,B,A262,Motacilla alba,2013-2018,p,2007-2018,S,1989-2017,S,No,550000.0,
FR,B,A269,Erithacus rubecula,2013-2018,p,2007-2018,S,2001-2018,D,No,4500000.0,
FR,B,A277,Oenanthe oenanthe,2013-2018,p,2007-2017,S,1989-2018,Unk,No,25000.0,
FR,B,A280,Monticola saxatilis,2013-2018,p,2007-2017,S,1989-2017,D,No,3000.0,
FR,B,A287,Turdus viscivorus,2008-2012,p,2007-2017,S,1996-2017,D,No,600000.0,
FR,B,A304,Sylvia cantillans,2013-2018,p,2007-2018,I,2001-2018,I,No,250000.0,
FR,B,A314,Phylloscopus sibilatrix,2009-2012,p,2007-2018,S,1989-2012,D,No,160000.0,
FR,B,A023,Nycticorax nycticorax,2014-2014,p,2007-2014,D,1981-2014,S,No,3285.0,2940.5
FR,B,A024,Ardeola ralloides,2014-2014,p,2007-2014,S,1981-2014,I,No,602.5,600.0
FR,B,A025,Bubulcus ibis,2014-2014,p,2007-2014,D,1985-2018,I,No,11777.0,4473.5
FR,B,A029,Ardea purpurea,2007-2014,p,2007-2014,D,1974-2014,D,No,2544.0,2308.5
FR,B,A044-X,Branta canadensis,2014-2014,p,2006-2016,I,1989-2016,I,No,1150.0,
FR,P,A048,Tadorna tadorna,2013-2018,,,,,,No,,6751.0
FR,B,A048,Tadorna tadorna,2009-2012,p,2007-2018,Unk,1980-2012,I,No,5000.0,
FR,W,A048,Tadorna tadorna,2013-2018,i,2007-2018,D,1980-2018,I,No,53600.0,37686.0
FR,B,A053,Anas platyrhynchos,2009-2012,p,2007-2018,I,2001-2018,I,No,175000.0,
FR,W,A053,Anas platyrhynchos,2013-2018,i,2007-2017,D,1980-2018,I,No,267281.0,110217.0
FR,P,A054,Anas acuta,2013-2018,,,,,,No,,25972.0
FR,B,A054,Anas acuta,2007-2018,p,2001-2018,S,1980-2018,S,No,2.5,
FR,W,A054,Anas acuta,2013-2018,i,2007-2018,S,1980-2018,F,No,12813.0,12373.0
FR,W,A058,Netta rufina,2013-2017,i,2005-2017,S,1980-2017,I,No,5624.0,5617.5
FR,P,A058,Netta rufina,2013-2018,,,,,,No,,1841.5
FR,B,A058,Netta rufina,2017-2018,p,2006-2018,I,1981-2018,I,No,1410.0,991.0
FR,B,A059,Aythya ferina,2013-2018,p,2013-2018,Unk,1985-2018,D,No,3250.0,
FR,W,A059,Aythya ferina,2013-2017,i,2007-2017,D,1980-2017,D,No,75000.0,43839.0
FR,P,A059,Aythya ferina,2013-2018,,,,,,No,,32758.0
FR,P,A097,Falco vespertinus,2013-2018,i,,,,,No,750.0,
FR,W,A098,Falco columbarius,2000-2013,i,2000-2013,Unk,1980-2018,Unk,No,3000.0,222.0
FR,B,A099,Falco subbuteo,2016-2017,p,2005-2017,I,1979-2017,Unk,No,9121.0,
FR,W,A141,Pluvialis squatarola,2013-2018,i,2007-2017,I,1980-2017,I,No,32543.0,29053.0
FR,P,A141,Pluvialis squatarola,2013-2018,,,,,,No,,
FR,B,A034,Platalea leucorodia,2017-2017,p,2007-2017,I,1981-2017,I,No,1186.0,1186.0
FR,W,A034,Platalea leucorodia,2018-2018,i,2007-2017,I,1980-2018,I,No,1476.0,950.0
FR,W,A140,Pluvialis apricaria,2009-2013,i,2009-2017,U,1980-2013,D,No,299480.0,37964.0
FR,P,A140,Pluvialis apricaria,1999-2017,,,,,,No,,
FR,W,A144,Calidris alba,2013-2018,i,2007-2017,I,1980-2017,I,No,29900.0,17500.0
FR,P,A166,Tringa glareola,2008-2018,,,,,,No,,
FR,B,A244,Galerida cristata,2013-2018,p,2007-2018,D,2001-2018,D,No,22500.0,
FR,B,A273,Phoenicurus ochruros,2013-2018,p,2007-2018,D,2001-2018,S,No,950000.0,
FR,B,A290,Locustella naevia,2013-2018,p,2007-2018,D,2001-2018,D,No,30000.0,
FR,B,A297,Acrocephalus scirpaceus,2013-2018,p,2007-2018,S,2001-2018,I,No,90000.0,
FR,B,A305,Sylvia melanocephala,2013-2018,p,2007-2018,D,2001-2018,D,No,200000.0,
FR,B,A336,Remiz pendulinus,2008-2012,p,2007-2018,Unk,1980-2018,D,No,1.0,
FR,B,A342,Garrulus glandarius,2013-2018,p,2007-2018,S,2001-2018,I,No,700000.0,
FR,B,A348,Corvus frugilegus,2013-2018,p,2007-2018,D,2001-2018,D,No,275000.0,
FR,B,A478,Spinus spinus,2013-2018,p,2007-2017,Unk,1989-2017,Unk,No,1500.0,
FR,B,A479,Cecropis daurica,2009-2012,p,2007-2018,Unk,1980-2013,I,No,150.0,
FR,B,A623,Carduelis citrinella s. str.,2013-2018,p,2013-2018,Unk,1980-2012,Unk,No,15000.0,
FR,B,A644,Perdix perdix all others,2018-2018,p,2007-2018,D,1979-2018,D,No,527260.0,
FR,B,A661,Tetrao urogallus aquitanicus,2010-2017,cmales,2010-2017,S,1980-2012,D,No,3034.0,250.0
FR,W,A702,Anser fabalis rossicus,2013-2018,i,2007-2017,D,1980-2017,D,No,1710.0,1400.0
FR,B,A869,Dryobates minor,2009-2012,p,2007-2018,D,2001-2018,D,No,35000.0,
FR,W,A064,Clangula hyemalis,2013-2018,i,2007-2017,U,1980-2018,S,No,18.0,
FR,P,A100,Falco eleonorae,2013-2017,i,,,,,No,450.0,47.0
FR,B,A104,Bonasa bonasia,2013-2018,p,2007-2018,U,1980-2018,D,No,6000.0,1.0
FR,B,A110,Alectoris rufa,2008-2017,p,2012-2017,D,2001-2018,D,No,214368.0,
FR,W,A142,Vanellus vanellus,2009-2013,i,2006-2013,D,2000-2017,D,No,1505149.0,272599.5
FR,P,A142,Vanellus vanellus,1980-2018,,,,,,No,,
FR,B,A142,Vanellus vanellus,2010-2011,p,2007-2018,Unk,1983-2011,D,No,15000.0,
FR,P,A169,Arenaria interpres,2008-2018,,,,,,No,,
FR,W,A169,Arenaria interpres,2013-2018,i,2007-2017,I,1980-2017,I,No,26800.0,20450.0
FR,B,A340,Lanius excubitor,2009-2009,p,2007-2018,D,1980-2012,D,No,725.0,
FR,B,A364,Carduelis carduelis,2013-2018,p,2007-2018,S,2001-2018,D,No,1500000.0,
FR,B,A415,Perdix perdix hispaniensis,2012-2018,p,2012-2018,S,1990-2018,Unk,No,9780.0,760.0
FR,B,A570,Sylvia hortensis s. str.,2013-2018,p,2007-2017,I,2001-2017,I,No,12000.0,
FR,B,A604,Larus michahellis,2012-2018,p,2010-2018,D,1980-2018,F,No,26500.0,27000.0
FR,B,A016,Morus bassanus,2017-2017,p,2005-2017,S,1978-2017,I,No,18924.5,18923.5
FR,W,A043,Anser anser,2013-2018,i,2007-2017,S,1980-2017,I,No,17259.0,13362.0
FR,B,A043,Anser anser,2015-2015,p,2007-2015,I,1980-2015,I,No,221.5,
FR,P,A043,Anser anser,2018-2018,,,,,,No,,30478.0
FR,W,A070,Mergus merganser,2013-2018,i,2007-2017,I,1980-2017,I,No,2950.0,
FR,B,A070,Mergus merganser,2013-2018,p,2005-2018,I,1980-2018,I,No,350.0,
FR,B,A119,Porzana porzana,2013-2018,cmales,2007-2017,Unk,1980-2018,Unk,No,150.0,135.5
FR,B,A136,Charadrius dubius,2011-2011,p,2007-2018,Unk,1983-2018,Unk,No,6000.0,
FR,B,A168,Actitis hypoleucos,2010-2011,p,2007-2017,Unk,1989-2017,D,No,850.0,237.0
FR,B,A197,Chlidonias niger,2013-2017,p,2007-2017,D,1982-2017,F,No,154.0,152.5
FR,B,A264,Cinclus cinclus,2013-2018,p,2007-2017,Unk,1990-2017,S,No,19500.0,
FR,B,A275,Saxicola rubetra,2013-2018,p,2005-2017,D,1989-2017,D,No,15500.0,
FR,B,A276,Saxicola torquatus,2013-2018,p,2007-2018,D,2001-2018,D,No,250000.0,
FR,B,A281,Monticola solitarius,2013-2018,p,2002-2012,S,1989-2017,D,No,1500.0,
FR,B,A295,Acrocephalus schoenobaenus,2013-2018,p,2007-2018,D,1975-2017,D,No,18500.0,
FR,B,A296,Acrocephalus palustris,2009-2018,p,2007-2018,D,2001-2018,D,No,15000.0,
FR,B,A324,Aegithalos caudatus,2013-2018,p,2007-2018,D,1989-2011,D,No,600000.0,
FR,B,A330,Parus major,2013-2018,p,2007-2018,D,2001-2018,S,No,5500000.0,
FR,B,A657,Fringilla coelebs all others,2009-2012,p,2007-2018,S,2001-2018,S,No,9000000.0,
FR,B,A658,Dendrocopos major all others,2013-2018,p,2007-2018,I,2001-2018,I,No,550000.0,
FR,B,A676,Troglodytes troglodytes all others,2013-2018,p,2007-2018,S,2001-2018,D,No,5000000.0,
FR,W,A060,Aythya nyroca,2013-2018,i,2007-2017,U,1980-2017,I,No,52.0,34.0
FR,B,A073,Milvus migrans,2014-2015,p,2005-2017,I,2001-2018,I,No,29338.0,3436.5
FR,B,A074,Milvus milvus,2014-2015,p,2003-2015,I,1980-2017,Unk,No,3400.0,523.0
FR,W,A074,Milvus milvus,2015-2018,i,2007-2018,Unk,1980-2018,Unk,No,10700.0,529.5
FR,B,A077,Neophron percnopterus,2013-2017,p,2005-2017,S,1980-2017,I,Yes,88.0,41.0
FR,B,A078,Gyps fulvus,2017-2017,p,2005-2017,I,1980-2017,I,No,2331.5,602.0
FR,B,A079,Aegypius monachus,2013-2018,p,2007-2018,I,1996-2018,I,No,37.0,33.0
FR,B,A087,Buteo buteo,2016-2017,p,2000-2017,I,1980-2017,I,No,197150.0,
FR,B,A135,Glareola pratincola,2013-2018,p,2007-2018,S,1960-2011,U,No,73.0,73.0
FR,B,A181,Larus audouinii,2013-2018,p,2007-2018,D,1980-2018,F,No,63.0,53.5
FR,B,A266,Prunella modularis,2013-2018,p,2007-2018,D,2001-2018,D,No,1500000.0,
FR,B,A309,Sylvia communis,2013-2018,p,2007-2018,S,2001-2018,D,No,1000000.0,
FR,B,A369,Loxia curvirostra,2013-2018,p,2007-2017,Unk,1989-2017,Unk,No,37500.0,
FR,B,A376,Emberiza citrinella,2013-2018,p,2007-2018,D,1989-2017,D,No,600000.0,
FR,B,A496,Lanius meridionalis,2009-2012,p,2007-2018,D,1980-2018,D,No,850.0,
FR,B,A572,Phylloscopus collybita s. str.,2013-2018,p,2007-2018,I,2001-2018,D,No,3250000.0,
FR,B,A621,Passer italiae,2013-2018,p,2007-2017,Unk,1980-2017,Unk,No,180000.0,
FR,B,A666,Anthus petrosus,2010-2018,p,2010-2018,S,1980-2018,D,No,6000.0,
FR,B,A669,Carduelis corsicana,2013-2018,p,2013-2017,Unk,1989-2017,Unk,No,15000.0,
FR,W,A767,Mergellus albellus,2013-2018,i,2007-2017,I,1980-2017,S,No,219.0,176.0
FR,B,A861,Calidris pugnax,2013-2017,i,2006-2018,D,1981-2018,D,No,7.5,4.5
FR,P,A861,Calidris pugnax,2000-2012,,,,,,No,,
FR,P,A863,Thalasseus sandvicensis,2018-2018,,,,,,No,,20250.0
FR,B,A863,Thalasseus sandvicensis,2018-2018,p,2007-2018,I,1979-2018,I,No,9502.0,9402.0
FR,B,A028,Ardea cinerea,2014-2014,p,2007-2014,D,1981-2014,I,No,29179.0,8437.5
FR,B,A091,Aquila chrysaetos,2013-2017,p,2007-2017,I,1985-2017,I,No,600.0,208.0
FR,B,A092,Hieraaetus pennatus,2012-2018,p,2007-2018,I,1985-2018,I,No,697.5,221.0
FR,B,A182,Larus canus,2013-2018,p,2006-2018,F,1980-2018,I,No,30.0,5.0
FR,W,A182,Larus canus,2017-2018,i,2007-2018,D,1996-2018,D,No,31014.0,9499.0
FR,P,A193,Sterna hirundo,2013-2018,i,,,,,No,90000.0,75000.0
FR,B,A193,Sterna hirundo,2013-2018,p,2007-2018,I,1980-2018,I,No,7000.0,5500.0
FR,B,A226,Apus apus,2013-2018,p,2007-2017,Unk,1989-2017,Unk,No,600000.0,
FR,B,A246,Lullula arborea,2013-2018,p,2007-2018,D,2001-2018,D,No,140000.0,15000.0
FR,B,A255,Anthus campestris,2009-2012,p,2007-2017,U,1985-2017,D,No,15000.0,2000.0
FR,B,A021,Botaurus stellaris,2012-2012,cmales,2008-2018,Unk,1970-2018,D,No,281.5,262.5
FR,W,A021,Botaurus stellaris,2013-2018,i,2007-2018,Unk,1980-2018,Unk,No,2000.0,675.0
FR,B,A022,Ixobrychus minutus,2013-2018,p,2007-2018,Unk,1975-2005,D,No,400.0,375.0
FR,W,A052,Anas crecca,2013-2018,i,2007-2017,I,1980-2018,I,No,123376.0,95630.5
FR,B,A052,Anas crecca,2009-2012,p,2007-2018,Unk,1985-2013,D,No,300.0,
FR,P,A052,Anas crecca,2012-2018,,,,,,No,,
FR,B,A123,Gallinula chloropus,2013-2018,p,2007-2017,S,1989-2017,S,No,160000.0,
FR,B,A128,Tetrax tetrax,2016-2016,cmales,2008-2016,I,1980-2016,D,No,2453.5,1775.0
FR,W,A128,Tetrax tetrax,2016-2016,i,2004-2016,I,1982-2016,I,No,3571.0,2887.0
FR,B,A131,Himantopus himantopus,2010-2011,p,2007-2018,Unk,1980-2018,Unk,No,3125.0,2785.5
FR,P,A131,Himantopus himantopus,2008-2018,,,,,,No,,
FR,P,A137,Charadrius hiaticula,2008-2018,,,,,,No,,
FR,B,A137,Charadrius hiaticula,2013-2015,p,2007-2015,S,1984-2015,I,No,200.0,
FR,W,A137,Charadrius hiaticula,2013-2018,i,2007-2017,S,1980-2017,I,No,14400.0,11000.0
FR,B,A153,Gallinago gallinago,2013-2018,p,2007-2018,D,1985-2018,D,No,60.0,
FR,P,A158,Numenius phaeopus,1983-2009,,,,,,No,,
FR,B,A214,Otus scops,2009-2012,p,2013-2018,Unk,1989-2018,Unk,No,11600.0,
FR,B,A222,Asio flammeus,2013-2018,p,2007-2017,F,1989-2017,F,No,80.0,66.0
FR,P,A030,Ciconia nigra,2013-2018,i,,,,,No,1180.0,9.0
FR,B,A030,Ciconia nigra,2013-2018,p,2007-2018,I,1985-2018,I,No,70.0,26.5
FR,W,A037,Cygnus columbianus bewickii,2013-2018,i,2007-2017,I,1980-2017,I,No,419.0,407.0
FR,W,A038,Cygnus cygnus,2013-2018,i,2007-2017,I,1980-2017,I,No,155.0,68.0
FR,W,A066,Melanitta fusca,2013-2017,i,2007-2017,U,1980-2017,D,No,432.5,
FR,B,A084,Circus pygargus,2000-2002,bfemales,2005-2017,D,1982-2011,Unk,No,4500.0,842.0
FR,B,A118,Rallus aquaticus,2013-2018,p,2007-2017,Unk,1980-2018,D,No,5500.0,
FR,B,A176,Larus melanocephalus,2013-2017,p,2006-2017,I,1982-2017,I,No,8070.0,7100.0
FR,B,A032,Plegadis falcinellus,2016-2016,p,2006-2016,I,1988-2016,I,No,1920.0,1920.0
FR,W,A063,Somateria mollissima,2013-2018,i,2007-2017,D,1980-2018,D,No,228.0,
FR,B,A063,Somateria mollissima,2015-2017,p,2007-2017,F,1980-2016,F,No,3.0,
FR,B,A067,Bucephala clangula,2013-2018,p,2007-2018,I,1999-2018,I,No,5.0,
FR,W,A067,Bucephala clangula,2013-2018,i,2007-2017,D,1980-2017,D,No,1649.0,
FR,W,A069,Mergus serrator,2013-2018,i,2007-2018,D,1980-2017,S,No,2952.0,2296.0
FR,P,A069,Mergus serrator,2013-2018,,,,,,No,,2500.0
FR,B,A069,Mergus serrator,2016-2017,p,2007-2017,I,1993-2017,F,No,4.5,
FR,W,A075,Haliaeetus albicilla,2013-2018,i,2007-2017,I,1980-2017,I,No,25.0,20.0
FR,B,A075,Haliaeetus albicilla,2017-2018,p,2011-2018,I,2011-2018,I,Yes,3.0,3.0
FR,B,A080,Circaetus gallicus,2016-2017,p,2007-2017,I,1980-2017,I,No,2600.0,752.5
FR,P,A094,Pandion haliaetus,2018-2018,i,,,,,No,7500.0,832.5
FR,B,A094,Pandion haliaetus,2013-2017,p,2005-2017,I,1980-2017,I,No,91.0,64.5
FR,B,A095,Falco naumanni,2013-2017,p,2005-2017,I,1981-2017,I,No,396.0,300.0
FR,B,A130,Haematopus ostralegus,2010-2011,p,2011-2018,Unk,1983-2011,I,No,1200.0,1000.0
FR,P,A130,Haematopus ostralegus,2004-2005,,,,,,No,,
FR,W,A130,Haematopus ostralegus,2013-2018,i,2007-2018,S,1980-2018,S,No,45291.0,38608.0
FR,W,A156,Limosa limosa,2013-2018,i,2007-2017,I,1980-2017,I,No,28126.0,27580.0
FR,P,A156,Limosa limosa,2013-2018,,,,,,No,,
FR,P,A161,Tringa erythropus,1990-2007,,,,,,No,,
FR,W,A187,Larus marinus,2017-2018,i,2004-2018,F,1984-2018,I,No,11790.0,7500.0
FR,B,A187,Larus marinus,2009-2012,p,2007-2018,I,1977-2018,I,No,6528.5,5300.0
FR,B,A207,Columba oenas,2009-2012,p,2007-2018,I,2001-2017,I,No,45000.0,
FR,B,A213,Tyto alba,2009-2012,p,2007-2017,F,1980-2017,Unk,No,22500.0,
FR,B,A230,Merops apiaster,2008-2012,p,2007-2017,S,1990-2017,I,No,11500.0,
FR,B,A232,Upupa epops,2013-2018,p,2007-2018,D,2001-2017,I,No,85000.0,
FR,B,A239,Dendrocopos leucotos,2013-2018,p,2007-2017,S,1989-2018,S,No,355.0,69.0
FR,B,A285,Turdus philomelos,2009-2012,p,2007-2017,S,1996-2017,I,No,1500000.0,
FR,W,A286,Turdus iliacus,,,,,,,No,,
FR,B,A311,Sylvia atricapilla,2013-2018,p,2007-2018,I,2001-2018,I,No,6500000.0,
FR,B,A334,Certhia familiaris,2013-2018,p,2007-2018,I,1980-2018,Unk,No,200000.0,
FR,B,A707,Aquila fasciata,2013-2017,p,2007-2017,I,1980-2017,D,Yes,32.0,31.0
FR,B,A712,Lagopus muta pyrenaica,2010-2016,p,2010-2017,S,1980-2010,D,No,3000.0,1.0
FR,W,A001,Gavia stellata,2013-2018,i,2007-2018,F,1980-2018,Unk,No,6000.0,1797.5
FR,W,A002,Gavia arctica,2013-2018,i,2007-2017,U,1980-2018,Unk,No,1000.0,655.0
FR,B,A076,Gypaetus barbatus,2016-2018,p,2007-2018,I,1980-2018,I,Yes,62.0,37.5
FR,B,A103,Falco peregrinus,2013-2018,p,2000-2018,I,1985-2018,I,No,1750.0,527.5
FR,B,A113,Coturnix coturnix,2000-2012,cmales,2007-2017,D,1996-2017,D,No,175000.0,
FR,B,A125,Fulica atra,2009-2012,p,2000-2012,S,1990-2012,I,No,80000.0,
FR,P,A125,Fulica atra,2018-2018,,,,,,No,,
FR,W,A125,Fulica atra,2017-2017,i,2007-2017,S,1980-2017,I,No,268335.0,137961.5
FR,W,A145,Calidris minuta,2013-2018,i,2007-2017,S,1980-2017,I,No,1330.0,1198.0
FR,P,A145,Calidris minuta,2013-2018,,,,,,No,,
FR,B,A155,Scolopax rusticola,2013-2018,cmales,2007-2018,D,1988-2018,D,No,24000.0,
FR,B,A189,Gelochelidon nilotica,2013-2018,p,2007-2018,I,1982-2018,I,No,880.0,880.0
FR,B,A200,Alca torda,2016-2016,i,2004-2016,I,1978-2016,I,No,169.0,
FR,B,A209,Streptopelia decaocto,2009-2012,p,2007-2017,S,1996-2017,I,No,1300000.0,
FR,B,A212,Cuculus canorus,2013-2018,cmales,2007-2018,D,2001-2018,D,No,225000.0,
FR,P,A147,Calidris ferruginea,2000-2017,,,,,,No,,
FR,B,A188,Rissa tridactyla,2016-2018,p,2009-2018,S,1979-2018,I,No,5157.5,3507.0
FR,B,A218,Athene noctua,2009-2012,p,2007-2018,S,1980-2018,D,No,37500.0,
FR,B,A245,Galerida theklae,2011-2012,p,2004-2013,D,1980-2018,Unk,No,350.0,165.0
FR,B,A261,Motacilla cinerea,2013-2018,p,2007-2018,S,1989-2017,S,No,75000.0,
FR,B,A274,Phoenicurus phoenicurus,2013-2018,p,2007-2018,I,2001-2018,I,No,150000.0,
FR,B,A284,Turdus pilaris,2009-2012,p,2007-2017,U,1996-2017,U,No,22500.0,
FR,B,A302,Sylvia undata,2013-2018,p,2007-2018,D,2001-2017,D,No,37500.0,0.0
FR,B,A318,Regulus ignicapilla,2013-2018,p,2007-2018,I,2001-2018,I,No,700000.0,
FR,B,A345,Pyrrhocorax graculus,2013-2018,p,2007-2017,Unk,1980-2018,Unk,No,22500.0,
FR,B,A476,Linaria cannabina,2013-2018,p,2007-2018,I,2001-2018,D,No,750000.0,
FR,B,A499,Phylloscopus bonelli s. str.,2013-2018,p,2007-2018,I,2001-2018,I,No,225000.0,
FR,B,A713,Lagopus muta helvetica,2010-2016,p,2000-2016,Unk,1980-2010,D,No,6000.0,1.0
FR,B,A867,Picus sharpei,2009-2018,p,2007-2018,Unk,1980-2018,Unk,No,1075.0,
FR,B,A337,Oriolus oriolus,2013-2018,p,2007-2018,D,2001-2018,D,No,150000.0,
FR,B,A341,Lanius senator,2009-2012,p,2001-2017,D,1980-2012,D,No,5000.0,
FR,B,A464,Puffinus yelkouan,2016-2018,p,2004-2018,U,1982-2018,Unk,No,2954.0,2954.0
FR,B,A574,Sylvia curruca,2013-2018,p,2007-2018,D,1989-2017,S,No,26000.0,
FR,B,A618,Phylloscopus ibericus,2013-2018,p,2000-2017,Unk,1980-2018,Unk,No,300.0,
FR,B,A850,Calonectris diomedea s. str.,2013-2018,p,2007-2018,S,1980-2018,S,No,1154.0,1154.0
FR,W,A855,Mareca penelope,2013-2018,i,2006-2017,F,1980-2017,F,No,44989.0,44093.0
FR,B,A887,Uria aalge all others,2015-2016,i,2004-2016,I,1977-2016,I,No,730.0,
FR,B,A006,Podiceps grisegena,2013-2018,p,2007-2018,F,1980-2018,F,No,0.5,
FR,B,A013,Puffinus puffinus,2017-2017,p,2005-2017,I,1978-2017,I,No,391.5,
FR,B,A868,Leiopicus medius,2013-2018,p,2007-2018,I,2001-2018,I,No,60000.0,6000.0
FR,B,A122,Crex crex,2013-2017,cmales,2005-2017,D,1980-2017,D,No,208.0,155.0
FR,B,A133,Burhinus oedicnemus,2009-2012,p,2007-2017,Unk,2001-2018,I,No,23500.0,2104.5
FR,P,A138,Charadrius alexandrinus,2004-2005,,,,,,No,,
FR,B,A138,Charadrius alexandrinus,2010-2011,p,2007-2018,Unk,1983-2018,I,No,1395.0,1173.5
FR,W,A152,Lymnocryptes minimus,,,,,,,No,,
FR,B,A179,Larus ridibundus,2009-2011,p,2007-2018,Unk,1980-2018,D,No,27500.0,
FR,B,A234,Picus canus,2009-2012,p,2007-2018,D,1980-2018,D,No,3000.0,410.0
FR,B,A278,Oenanthe hispanica,2012-2012,p,2007-2017,D,1999-2017,D,No,400.0,
FR,B,A298,Acrocephalus arundinaceus,2013-2018,p,2007-2017,Unk,1980-2017,D,No,2250.0,
FR,B,A321,Ficedula albicollis,2009-2012,p,2007-2017,Unk,1985-2013,Unk,No,3750.0,490.0
FR,B,A332,Sitta europaea,2013-2018,p,2007-2018,D,2001-2018,D,No,1500000.0,
FR,B,A338,Lanius collurio,2009-2012,p,2007-2018,D,1989-2017,S,No,150000.0,12000.0
FR,B,A351,Sturnus vulgaris,2013-2018,p,2007-2018,I,2001-2018,I,No,2750000.0,
FR,B,A363,Chloris chloris,2013-2018,p,2007-2018,D,2001-2018,D,No,1500000.0,
FR,B,A474,Acanthis flammea,2009-2018,p,2009-2018,Unk,1980-2018,Unk,No,4500.0,
FR,B,A493,Poecile palustris,2013-2018,p,2007-2018,S,2001-2018,S,No,800000.0,
FR,B,A500,Sylvia sarda s. str.,2013-2018,p,2007-2017,Unk,1980-2017,Unk,No,55000.0,8000.0
FR,P,A675,Branta bernicla bernicla,2013-2018,,,,,,No,,
FR,W,A675,Branta bernicla bernicla,2013-2018,i,2007-2017,S,1980-2017,I,No,98300.0,84000.0
FR,B,A683,Phalacrocorax carbo carbo,2018-2018,p,2006-2018,D,1982-2018,I,No,1897.0,1600.0
FR,W,A683,Phalacrocorax carbo carbo,2018-2018,i,2006-2018,Unk,1980-2012,I,No,8500.0,3000.0
FR,B,A722,Porphyrio porphyrio porphyrio,2014-2014,p,2007-2014,I,1995-2014,I,No,145.5,67.5
FR,B,A738,Delichon urbicum,2009-2012,p,2007-2018,D,2001-2018,D,No,900000.0,
FR,W,A859,Clanga clanga,2013-2017,i,2009-2018,S,1980-2018,Unk,No,8.5,8.5
FR,B,A256,Anthus trivialis,2013-2018,p,2007-2018,D,2001-2018,D,No,375000.0,
FR,B,A271,Luscinia megarhynchos,2013-2018,p,2007-2018,D,2001-2018,S,No,750000.0,
FR,B,A292,Locustella luscinioides,2009-2012,p,2007-2017,U,1980-2017,D,No,1650.0,
FR,B,A299,Hippolais icterina,2009-2018,p,2007-2017,Unk,1989-2017,D,No,2000.0,
FR,B,A310,Sylvia borin,2013-2018,p,2007-2018,D,2001-2018,D,No,700000.0,
FR,B,A347,Corvus monedula,2013-2018,p,2007-2018,I,2001-2018,I,No,225000.0,
FR,B,A357,Petronia petronia,2013-2018,p,2007-2017,Unk,1980-2017,Unk,No,22500.0,
FR,B,A361,Serinus serinus,2013-2018,p,2007-2018,D,2001-2018,D,No,375000.0,
FR,B,A372,Pyrrhula pyrrhula,2013-2018,p,2007-2018,D,2001-2018,D,No,150000.0,
FR,B,A378,Emberiza cia,2013-2018,p,2007-2017,D,2001-2017,D,No,25000.0,
FR,W,A394,Anser albifrons albifrons,2013-2018,i,2007-2017,S,1980-2017,I,No,475.0,
FR,B,A492,Poecile montanus,2013-2018,p,2007-2018,Unk,2002-2017,D,No,150000.0,
FR,P,A851,Calonectris borealis,2013-2018,,,,,,No,,
FR,B,A892,Zapornia parva,2013-2018,cmales,2007-2017,Unk,1980-2018,Unk,No,5.0,5.0
FR,B,A895,Larus argentatus argenteus,2009-2012,p,2007-2018,D,1978-2018,D,No,55106.0,30000.0
FR,B,A229,Alcedo atthis,2013-2018,p,2007-2018,U,2001-2017,D,No,22500.0,1875.0
FR,B,A259,Anthus spinoletta,2013-2018,p,2007-2017,Unk,1989-2017,Unk,No,45000.0,
FR,B,A288,Cettia cetti,2013-2018,p,2007-2017,S,2001-2018,S,No,45000.0,
FR,B,A303,Sylvia conspicillata,2013-2018,p,2007-2017,D,1989-2017,D,No,1075.0,
FR,B,A331,Sitta whiteheadi,2012-2018,p,2012-2018,D,2000-2018,D,No,1879.0,600.0
FR,B,A343,Pica pica,2013-2018,p,2007-2018,S,2001-2018,I,No,525000.0,
FR,B,A399,Elanus caeruleus,2016-2017,p,2006-2017,I,1983-2017,I,No,250.0,11.5
FR,B,A480,Cyanecula svecica,2013-2017,p,2007-2018,I,2001-2017,S,No,13000.0,4750.0
FR,B,A489,Larus fuscus all others,2009-2012,p,2007-2018,Unk,1978-2018,I,No,22420.0,18500.0
FR,B,A687,Columba palumbus palumbus,2008-2012,p,2007-2017,I,1996-2017,I,No,3000000.0,
FR,B,A768,Numenius arquata arquata,2010-2011,p,2007-2018,Unk,1980-2018,Unk,No,1450.0,857.0
FR,P,A768,Numenius arquata arquata,,,,,,,No,,
FR,W,A768,Numenius arquata arquata,2013-2018,i,2009-2018,D,1978-2018,I,No,31915.0,24000.0
FR,W,A862,Hydrocoloeus minutus,2013-2018,i,2007-2018,Unk,1980-2018,Unk,No,3000.0,1346.0
FR,B,A893,Zapornia pusilla,2013-2018,cmales,2007-2017,Unk,1980-2018,Unk,No,3.5,3.5
FR,B,A898,Accipiter nisus all others,2016-2017,p,2007-2017,U,1979-2018,Unk,No,29932.0,
FR,W,A900,Melanitta nigra s. str.,2013-2018,i,2007-2017,U,1980-2017,D,No,21685.0,
FR,P,A900,Melanitta nigra s. str.,2013-2017,,,,,,No,,22443.5
FR,B,A036,Cygnus olor,2009-2012,p,2007-2018,I,1978-2012,I,No,7500.0,
FR,W,A036,Cygnus olor,2013-2018,i,2007-2017,I,1980-2017,I,No,21300.0,12300.0
FR,B,A072,Pernis apivorus,2016-2017,p,2007-2017,S,1980-2017,S,No,12600.0,1896.5
FR,W,A127,Grus grus,2013-2018,i,2007-2017,I,1983-2018,I,No,86200.0,66700.0
FR,B,A127,Grus grus,2013-2018,p,2006-2018,I,1985-2013,I,Yes,20.0,7.5
FR,P,A127,Grus grus,2013-2018,i,,,,,No,352500.0,216500.0
FR,P,A157,Limosa lapponica,1990-2002,,,,,,No,,
FR,W,A157,Limosa lapponica,2013-2018,i,2007-2017,I,1980-2017,I,No,8835.0,8286.0
FR,W,A186,Larus hyperboreus,2017-2018,i,2007-2018,F,1980-2018,Unk,No,24.0,
FR,B,A206-X,Columba livia,2013-2018,p,2007-2017,Unk,2001-2018,I,No,1000000.0,
FR,B,A279,Oenanthe leucura,1997-2017,p,,,1980-1997,D,No,0.0,0.0
FR,B,A319,Muscicapa striata,2013-2018,p,2007-2018,D,2001-2018,D,No,110000.0,
FR,B,A350,Corvus corax,2013-2018,p,2007-2017,S,2002-2017,S,No,12500.0,
FR,B,A472,Periparus ater all others,2013-2018,p,2007-2017,I,2001-2018,D,No,750000.0,
FR,B,A659,Tetrao urogallus all others,2013-2018,cmales,2000-2012,D,1980-2012,D,No,230.0,225.0
FR,P,A854,Hydrobates leucorhous,2013-2018,,,,,,No,,
FR,W,A889,Mareca strepera,2013-2018,i,2006-2017,S,1980-2017,I,No,33129.0,22453.5
FR,P,A889,Mareca strepera,2013-2018,,,,,,No,,
FR,B,A889,Mareca strepera,2009-2012,p,2007-2018,Unk,1980-2018,Unk,No,1650.0,1093.5
FR,W,A143,Calidris canutus,2013-2018,i,2007-2017,U,1980-2012,I,No,38270.5,37127.5
FR,P,A143,Calidris canutus,2000-2010,,,,,,No,,
FR,W,A148,Calidris maritima,2013-2018,i,2007-2017,U,1980-2017,I,No,1060.0,720.0
FR,P,A162,Tringa totanus,2012-2018,,,,,,No,,
FR,B,A162,Tringa totanus,2010-2017,p,2007-2018,Unk,1983-2011,I,No,1552.0,1347.5
FR,P,A194,Sterna paradisaea,2018-2018,,,,,,No,,
FR,B,A215,Bubo bubo,2009-2012,p,2007-2017,I,1989-2017,I,No,3000.0,828.5
FR,B,A227,Apus pallidus,2009-2018,p,2007-2018,Unk,1989-2018,Unk,No,4000.0,
FR,B,A242,Melanocorypha calandra,2018-2018,p,2007-2018,I,1980-2018,D,No,653.0,653.0
FR,B,A247,Alauda arvensis,2009-2012,p,2007-2018,D,1996-2017,D,No,1650000.0,
FR,B,A249,Riparia riparia,2009-2012,p,2001-2017,Unk,1985-2018,Unk,No,80000.0,
FR,B,A250,Ptyonoprogne rupestris,2008-2012,p,2007-2017,S,1980-2012,Unk,No,40000.0,
FR,B,A257,Anthus pratensis,2013-2018,p,2007-2018,D,1989-2017,D,No,19600.0,
FR,B,A283,Turdus merula,2009-2012,p,2007-2018,I,1996-2017,S,No,6500000.0,
FR,P,A294,Acrocephalus paludicola,2007-2017,i,,,,,No,27000.0,13500.0
FR,B,A317,Regulus regulus,2013-2018,p,2007-2018,S,2001-2018,D,No,650000.0,
FR,B,A333,Tichodroma muraria,2013-2018,p,2007-2017,Unk,1989-2017,Unk,No,900.0,
FR,B,A344,Nucifraga caryocatactes,2013-2018,p,2007-2017,Unk,2001-2017,Unk,No,10000.0,
FR,B,A381,Emberiza schoeniclus,2013-2018,p,2007-2018,D,2001-2017,D,No,37500.0,
FR,B,A392,Phalacrocorax aristotelis desmarestii,2009-2018,p,2007-2018,Unk,1981-2017,F,No,1000.0,744.5
FR,B,A497,Lophophanes cristatus,2013-2018,p,2007-2018,S,2001-2018,D,No,450000.0,
FR,B,A637,Certhia brachydactyla all others,2013-2018,p,2007-2018,I,2001-2018,I,No,1250000.0,
FR,P,A727,Eudromias morinellus,2008-2018,,,,,,No,,
FR,W,A773,Ardea alba,2013-2018,i,2007-2017,I,1980-2017,I,No,15000.0,5150.0
FR,B,A773,Ardea alba,2014-2014,p,2007-2014,I,1994-2014,I,No,601.0,277.0
FR,W,A176,Larus melanocephalus,2017-2018,i,2004-2018,I,1984-2018,I,No,29225.0,14453.0
FR,P,A192,Sterna dougallii,2018-2018,,,,,,No,,
FR,B,A192,Sterna dougallii,2018-2018,p,2007-2018,D,1980-2018,D,No,37.0,37.0
FR,B,A210,Streptopelia turtur,2009-2009,p,2007-2017,D,1996-2017,D,No,436900.0,
FR,B,A217,Glaucidium passerinum,2012-2018,p,2007-2018,I,1980-2018,I,No,675.0,175.0
FR,B,A224,Caprimulgus europaeus,2013-2018,cmales,2007-2017,Unk,1989-2017,Unk,No,60000.0,5050.0
FR,B,A236,Dryocopus martius,2013-2018,p,2007-2018,S,2001-2018,I,No,32500.0,2250.0
FR,B,A241,Picoides tridactylus,2013-2018,p,2007-2018,Unk,1980-2018,Unk,No,55.0,9.0
FR,B,A251,Hirundo rustica,2009-2012,p,2007-2017,D,1989-2017,D,No,1350000.0,
FR,B,A346,Pyrrhocorax pyrrhocorax,2013-2018,p,2007-2017,Unk,1980-2018,Unk,No,2500.0,1045.0
FR,B,A377,Emberiza cirlus,2013-2018,p,2007-2018,D,2001-2018,D,No,300000.0,
FR,B,A379,Emberiza hortulana,2009-2012,p,2007-2017,D,1980-2017,D,No,6500.0,1375.0
FR,B,A614-A,Limosa limosa limosa,2013-2018,p,2007-2018,S,1981-2018,I,No,167.5,161.0
FR,B,A620,Passer domesticus s. str.,2013-2018,p,2007-2018,D,2001-2018,U,No,5500000.0,
FR,B,A866,Picus viridis s. str.,2009-2012,p,2007-2018,D,2001-2018,D,No,225000.0,
FR,B,A878,Alectoris graeca all others,2000-2018,p,2001-2018,F,1982-2018,F,No,1253.0,
FR,P,A894,Hydroprogne caspia,2013-2018,i,,,,,No,450.0,350.0
FR,B,A219,Strix aluco,2009-2012,p,2007-2017,Unk,1989-2018,Unk,No,109100.0,
FR,B,A221,Asio otus,2009-2018,p,2007-2017,Unk,1989-2017,Unk,No,34750.0,
FR,B,A223,Aegolius funereus,2009-2018,p,2007-2017,Unk,1989-2017,F,No,450.0,175.0
FR,B,A243,Calandrella brachydactyla,2013-2018,p,2007-2017,Unk,1989-2017,D,No,1150.0,600.0
FR,B,A349,Corvus corone,2013-2018,p,2007-2018,D,2001-2018,S,No,1200000.0,
FR,B,A356,Passer montanus,2013-2018,p,2007-2018,D,2001-2018,D,No,105000.0,
FR,W,A674-A,Branta bernicla hrota,2013-2018,i,2007-2017,I,1987-2018,I,No,1260.0,19.0
FR,B,A734,Chlidonias hybrida,2013-2017,p,2006-2017,S,1982-2017,I,No,3750.0,3023.0
FR,B,A857,Spatula clypeata,2009-2012,p,2007-2018,Unk,1985-2013,I,No,1900.0,
FR,W,A857,Spatula clypeata,2013-2018,i,2007-2017,I,1980-2017,I,No,41595.0,34667.0
FR,P,A857,Spatula clypeata,2013-2018,,,,,,No,,26441.0
FR,B,A876,Lyrurus tetrix tetrix,2000-2009,cmales,2007-2018,Unk,2000-2018,D,No,8265.0,1.0
FR,B,A885,Sternula albifrons,2014-2017,p,2007-2017,I,1979-2017,I,No,2005.0,1800.0
FR,P,A885,Sternula albifrons,2013-2018,i,,,,,No,550.0,
